{
    "expected_num_tracks": 1,
    "detections": [
        [],
        [],
        [],
        [],
        [],
        [],
        [],
        [],
        [],
        [],
        [],
        [],
        [],
        [],
        [],
        [],
        [],
        [],
        [],
        [],
        [],
        [],
        [],
        [],
        [],
        [],
        [],
        [],
        [],
        [],
        [],
        [],
        [],
        [],
        [],
        [],
        [],
        [],
        [],
        [],
        [],
        [],
        [],
        [],
        [],
        [],
        [],
        [],
        [],
        [],
        [],
        [],
        [],
        [],
        [],
        [],
        [],
        [],
        [],
        [],
        [],
        [],
        [],
        [],
        [],
        [],
        [],
        [],
        [],
        [],
        [],
        [],
        [],
        [],
        [],
        [],
        [],
        [],
        [],
        [],
        [],
        [],
        [],
        [],
        [],
        [],
        [],
        [],
        [],
        [],
        [],
        [],
        [],
        [],
        [],
        [],
        [],
        [],
        [],
        [
            {
                "x_min": 0.2421875,
                "x_max": 0.3366815476190476,
                "y_min": 0.3888157894736842,
                "y_max": 0.6282894736842105
            }
        ],
        [],
        [
            {
                "x_min": 0.31138392857142855,
                "x_max": 0.4055059523809524,
                "y_min": 0.36907894736842106,
                "y_max": 0.5980263157894737
            }
        ],
        [
            {
                "x_min": 0.35305059523809523,
                "x_max": 0.43898809523809523,
                "y_min": 0.38026315789473686,
                "y_max": 0.6039473684210527
            }
        ],
        [
            {
                "x_min": 0.38950892857142855,
                "x_max": 0.4765625,
                "y_min": 0.3973684210526316,
                "y_max": 0.6157894736842106
            }
        ],
        [
            {
                "x_min": 0.4334077380952381,
                "x_max": 0.5171130952380952,
                "y_min": 0.4125,
                "y_max": 0.6230263157894737
            }
        ],
        [
            {
                "x_min": 0.47470238095238093,
                "x_max": 0.5554315476190477,
                "y_min": 0.4368421052631579,
                "y_max": 0.6342105263157894
            }
        ],
        [
            {
                "x_min": 0.515625,
                "x_max": 0.5974702380952381,
                "y_min": 0.4361842105263158,
                "y_max": 0.6434210526315789
            }
        ],
        [
            {
                "x_min": 0.5613839285714286,
                "x_max": 0.6421130952380952,
                "y_min": 0.4361842105263158,
                "y_max": 0.6434210526315789
            }
        ],
        [
            {
                "x_min": 0.6011904761904762,
                "x_max": 0.6808035714285714,
                "y_min": 0.4256578947368421,
                "y_max": 0.6328947368421053
            }
        ],
        [
            {
                "x_min": 0.6339285714285714,
                "x_max": 0.71875,
                "y_min": 0.4006578947368421,
                "y_max": 0.6296052631578948
            }
        ],
        [
            {
                "x_min": 0.6793154761904762,
                "x_max": 0.7622767857142857,
                "y_min": 0.39144736842105265,
                "y_max": 0.5927631578947369
            }
        ],
        [
            {
                "x_min": 0.7213541666666666,
                "x_max": 0.7987351190476191,
                "y_min": 0.3796052631578947,
                "y_max": 0.5901315789473685
            }
        ],
        [
            {
                "x_min": 0.7600446428571429,
                "x_max": 0.8374255952380952,
                "y_min": 0.37894736842105264,
                "y_max": 0.5947368421052631
            }
        ],
        [
            {
                "x_min": 0.8020833333333334,
                "x_max": 0.8787202380952381,
                "y_min": 0.3907894736842105,
                "y_max": 0.5953947368421053
            }
        ],
        [
            {
                "x_min": 0.8448660714285714,
                "x_max": 0.9181547619047619,
                "y_min": 0.4105263157894737,
                "y_max": 0.6026315789473684
            }
        ],
        [
            {
                "x_min": 0.8846726190476191,
                "x_max": 0.9590773809523809,
                "y_min": 0.41842105263157897,
                "y_max": 0.6157894736842106
            }
        ],
        [
            {
                "x_min": 0.9222470238095238,
                "x_max": 0.9955357142857143,
                "y_min": 0.41842105263157897,
                "y_max": 0.6157894736842106
            }
        ],
        [],
        [],
        [],
        [],
        [],
        [],
        [],
        [],
        [],
        [],
        [],
        [],
        [],
        [],
        [],
        [],
        [],
        [],
        [],
        [],
        [],
        [],
        [],
        [],
        [],
        [],
        [],
        [],
        [],
        [],
        [],
        [],
        [],
        [],
        [],
        [],
        [],
        [],
        [],
        [],
        [],
        [],
        [],
        [],
        [],
        [],
        [],
        [],
        [],
        [],
        [],
        [],
        [],
        [],
        [],
        [],
        [],
        [],
        [],
        [],
        [],
        [],
        [],
        [],
        [],
        [],
        [],
        [],
        [],
        [],
        [],
        [],
        [],
        [],
        [],
        [],
        [],
        [],
        [],
        [],
        [],
        []
    ]
}
