{
    "expected_num_tracks": 1,
    "detections": [
        [],
        [],
        [],
        [],
        [],
        [],
        [],
        [],
        [],
        [],
        [],
        [],
        [],
        [],
        [],
        [],
        [],
        [],
        [],
        [],
        [],
        [],
        [],
        [],
        [],
        [],
        [],
        [],
        [],
        [],
        [],
        [],
        [],
        [],
        [],
        [],
        [],
        [],
        [],
        [
            {
                "x_min": 0.542578125,
                "x_max": 0.571875,
                "y_min": 0.07569444444444444,
                "y_max": 0.14097222222222222
            }
        ],
        [],
        [
            {
                "x_min": 0.542578125,
                "x_max": 0.573046875,
                "y_min": 0.08333333333333333,
                "y_max": 0.15416666666666667
            }
        ],
        [],
        [],
        [],
        [],
        [],
        [],
        [],
        [],
        [],
        [],
        [],
        [],
        [],
        [],
        [],
        [],
        [],
        [
            {
                "x_min": 0.52890625,
                "x_max": 0.565625,
                "y_min": 0.11388888888888889,
                "y_max": 0.19444444444444445
            }
        ],
        [],
        [
            {
                "x_min": 0.53046875,
                "x_max": 0.565234375,
                "y_min": 0.11597222222222223,
                "y_max": 0.19444444444444445
            }
        ],
        [
            {
                "x_min": 0.52890625,
                "x_max": 0.565625,
                "y_min": 0.11597222222222223,
                "y_max": 0.19444444444444445
            }
        ],
        [
            {
                "x_min": 0.530078125,
                "x_max": 0.566796875,
                "y_min": 0.12638888888888888,
                "y_max": 0.20694444444444443
            }
        ],
        [],
        [
            {
                "x_min": 0.532421875,
                "x_max": 0.569140625,
                "y_min": 0.14027777777777778,
                "y_max": 0.22430555555555556
            }
        ],
        [
            {
                "x_min": 0.53203125,
                "x_max": 0.573046875,
                "y_min": 0.14375,
                "y_max": 0.23333333333333334
            }
        ],
        [
            {
                "x_min": 0.537109375,
                "x_max": 0.575,
                "y_min": 0.1527777777777778,
                "y_max": 0.23680555555555555
            }
        ],
        [
            {
                "x_min": 0.537890625,
                "x_max": 0.57890625,
                "y_min": 0.15208333333333332,
                "y_max": 0.24166666666666667
            }
        ],
        [
            {
                "x_min": 0.540234375,
                "x_max": 0.58125,
                "y_min": 0.15208333333333332,
                "y_max": 0.24375
            }
        ],
        [
            {
                "x_min": 0.54140625,
                "x_max": 0.582421875,
                "y_min": 0.15486111111111112,
                "y_max": 0.24097222222222223
            }
        ],
        [
            {
                "x_min": 0.54375,
                "x_max": 0.58359375,
                "y_min": 0.15625,
                "y_max": 0.24583333333333332
            }
        ],
        [
            {
                "x_min": 0.5421875,
                "x_max": 0.58515625,
                "y_min": 0.15833333333333333,
                "y_max": 0.25
            }
        ],
        [
            {
                "x_min": 0.543359375,
                "x_max": 0.586328125,
                "y_min": 0.15555555555555556,
                "y_max": 0.25277777777777777
            }
        ],
        [
            {
                "x_min": 0.543359375,
                "x_max": 0.586328125,
                "y_min": 0.16180555555555556,
                "y_max": 0.2569444444444444
            }
        ],
        [
            {
                "x_min": 0.54453125,
                "x_max": 0.588671875,
                "y_min": 0.17152777777777778,
                "y_max": 0.2722222222222222
            }
        ],
        [
            {
                "x_min": 0.543359375,
                "x_max": 0.586328125,
                "y_min": 0.18263888888888888,
                "y_max": 0.2777777777777778
            }
        ],
        [
            {
                "x_min": 0.54375,
                "x_max": 0.584765625,
                "y_min": 0.19166666666666668,
                "y_max": 0.2833333333333333
            }
        ],
        [
            {
                "x_min": 0.5421875,
                "x_max": 0.58515625,
                "y_min": 0.19722222222222222,
                "y_max": 0.2923611111111111
            }
        ],
        [
            {
                "x_min": 0.5375,
                "x_max": 0.5828125,
                "y_min": 0.20972222222222223,
                "y_max": 0.30694444444444446
            }
        ],
        [
            {
                "x_min": 0.537109375,
                "x_max": 0.584375,
                "y_min": 0.20902777777777778,
                "y_max": 0.31180555555555556
            }
        ],
        [
            {
                "x_min": 0.53515625,
                "x_max": 0.58046875,
                "y_min": 0.21319444444444444,
                "y_max": 0.3138888888888889
            }
        ],
        [],
        [
            {
                "x_min": 0.532421875,
                "x_max": 0.580859375,
                "y_min": 0.21736111111111112,
                "y_max": 0.32013888888888886
            }
        ],
        [],
        [],
        [
            {
                "x_min": 0.532421875,
                "x_max": 0.5796875,
                "y_min": 0.22777777777777777,
                "y_max": 0.33055555555555555
            }
        ],
        [
            {
                "x_min": 0.532421875,
                "x_max": 0.580859375,
                "y_min": 0.24166666666666667,
                "y_max": 0.34791666666666665
            }
        ],
        [
            {
                "x_min": 0.53359375,
                "x_max": 0.58203125,
                "y_min": 0.25277777777777777,
                "y_max": 0.35555555555555557
            }
        ],
        [
            {
                "x_min": 0.534375,
                "x_max": 0.5859375,
                "y_min": 0.2604166666666667,
                "y_max": 0.37083333333333335
            }
        ],
        [
            {
                "x_min": 0.533984375,
                "x_max": 0.588671875,
                "y_min": 0.26319444444444445,
                "y_max": 0.38472222222222224
            }
        ],
        [
            {
                "x_min": 0.538671875,
                "x_max": 0.593359375,
                "y_min": 0.28680555555555554,
                "y_max": 0.4027777777777778
            }
        ],
        [
            {
                "x_min": 0.538671875,
                "x_max": 0.593359375,
                "y_min": 0.2881944444444444,
                "y_max": 0.4076388888888889
            }
        ],
        [],
        [
            {
                "x_min": 0.54296875,
                "x_max": 0.60078125,
                "y_min": 0.2965277777777778,
                "y_max": 0.41597222222222224
            }
        ],
        [
            {
                "x_min": 0.54765625,
                "x_max": 0.604296875,
                "y_min": 0.30277777777777776,
                "y_max": 0.42430555555555555
            }
        ],
        [
            {
                "x_min": 0.546484375,
                "x_max": 0.604296875,
                "y_min": 0.30416666666666664,