{
    "expected_num_tracks": 1,
    "detections": [
        [],
        [],
        [],
        [],
        [],
        [],
        [],
        [],
        [],
        [],
        [],
        [],
        [],
        [],
        [],
        [],
        [],
        [],
        [],
        [],
        [],
        [],
        [],
        [],
        [],
        [],
        [],
        [],
        [],
        [],
        [],
        [],
        [],
        [],
        [],
        [],
        [],
        [],
        [],
        [],
        [],
        [],
        [],
        [],
        [],
        [],
        [],
        [],
        [],
        [],
        [],
        [],
        [],
        [],
        [],
        [],
        [],
        [],
        [],
        [],
        [],
        [],
        [],
        [],
        [],
        [],
        [],
        [],
        [],
        [],
        [],
        [],
        [],
        [],
        [],
        [],
        [],
        [],
        [],
        [],
        [],
        [],
        [],
        [],
        [],
        [],
        [],
        [],
        [],
        [],
        [],
        [],
        [],
        [],
        [],
        [],
        [],
        [],
        [],
        [],
        [],
        [],
        [],
        [],
        [],
        [],
        [],
        [],
        [],
        [],
        [],
        [],
        [],
        [],
        [],
        [],
        [],
        [],
        [],
        [],
        [],
        [],
        [],
        [],
        [],
        [],
        [],
        [],
        [],
        [],
        [],
        [],
        [],
        [],
        [],
        [],
        [],
        [],
        [],
        [
            {
                "x_min": 0.5665922619047619,
                "x_max": 0.6112351190476191,
                "y_min": 0.07236842105263158,
                "y_max": 0.16381578947368422
            }
        ],
        [],
        [],
        [],
        [
            {
                "x_min": 0.5632440476190477,
                "x_max": 0.6075148809523809,
                "y_min": 0.08092105263157895,
                "y_max": 0.18157894736842106
            }
        ],
        [
            {
                "x_min": 0.5621279761904762,
                "x_max": 0.6063988095238095,
                "y_min": 0.08355263157894736,
                "y_max": 0.18092105263157895
            }
        ],
        [],
        [],
        [],
        [
            {
                "x_min": 0.5505952380952381,
                "x_max": 0.6011904761904762,
                "y_min": 0.09276315789473684,
                "y_max": 0.20065789473684212
            }
        ],
        [
            {
                "x_min": 0.5483630952380952,
                "x_max": 0.5989583333333334,
                "y_min": 0.10526315789473684,
                "y_max": 0.21513157894736842
            }
        ],
        [
            {
                "x_min": 0.5472470238095238,
                "x_max": 0.5978422619047619,
                "y_min": 0.11381578947368422,
                "y_max": 0.2236842105263158
            }
        ],
        [],
        [
            {
                "x_min": 0.5412946428571429,
                "x_max": 0.5930059523809523,
                "y_min": 0.12302631578947368,
                "y_max": 0.2388157894736842
            }
        ],
        [
            {
                "x_min": 0.5338541666666666,
                "x_max": 0.5889136904761905,
                "y_min": 0.12697368421052632,
                "y_max": 0.24539473684210528
            }
        ],
        [],
        [
            {
                "x_min": 0.53125,
                "x_max": 0.5881696428571429,
                "y_min": 0.125,
                "y_max": 0.24539473684210528
            }
        ],
        [],
        [],
        [],
        [
            {
                "x_min": 0.5252976190476191,
                "x_max": 0.5833333333333334,
                "y_min": 0.14473684210526316,
                "y_max": 0.2710526315789474
            }
        ],
        [],
        [],
        [],
        [
            {
                "x_min": 0.5215773809523809,
                "x_max": 0.5825892857142857,
                "y_min": 0.1736842105263158,
                "y_max": 0.3
            }
        ],
        [
            {
                "x_min": 0.5204613095238095,
                "x_max": 0.5825892857142857,
                "y_min": 0.17039473684210527,
                "y_max": 0.3078947368421053
            }
        ],
        [],
        [],
        [],
        [
            {
                "x_min": 0.5104166666666666,
                "x_max": 0.5758928571428571,
                "y_min": 0.21710526315789475,
                "y_max": 0.34407894736842104
            }
        ],
        [
            {
                "x_min": 0.5033482142857143,
                "x_max": 0.5688244047619048,
                "y_min": 0.2506578947368421,
                "y_max": 0.3769736842105263
            }
        ],
        [],
        [],
        [],
        [],
        [
            {
                "x_min": 0.46837797619047616,
                "x_max": 0.5416666666666666,
                "y_min": 0.3006578947368421,
                "y_max": 0.44144736842105264
            }
        ],
        [
            {
                "x_min": 0.4661458333333333,
                "x_max": 0.5405505952380952,
                "y_min": 0.29473684210526313,
                "y_max": 0.4486842105263158
            }
        ],
        [],
        [],
        [
            {
                "x_min": 0.45089285714285715,
                "x_max": 0.5334821428571429,
                "y_min": 0.30986842105263157,
                "y_max": 0.48157894736842105
            }
        ],
        [
            {
                "x_min": 0.45275297619047616,
                "x_max": 0.5305059523809523,
                "y_min": 0.33092105263157895,
                "y_max": 0.4953947368421053
            }
        ],
        [],
        [],
        [],
        [
            {
                "x_min": 0.43191964285714285,
                "x_max": 0.5186011904761905,
                "y_min": 0.39210526315789473,
                "y_max": 0.5671052631578948
            }
        ],
        [],
        [],
        [
            {
                "x_min": 0.40922619047619047,
                "x_max": 0.4992559523809524,
                "y_min": 0.4394736842105263,
                "y_max": 0.5986842105263158
            }
        ],
        [
            {
                "x_min": 0.4021577380952381,
                "x_max": 0.49330357142857145,
                "y_min": 0.4493421052631579,
                "y_max": 0.6138157894736842
            }
        ],
        [],
        [],
        [],
        [],
        [],
        [],
        [
            {
                "x_min": 0.31026785714285715,
                "x_max": 0.421875,
                "y_min": 0.6059210526315789,
                "y_max": 0.8092105263157895
            }
        ],
        [],
        [
            {
                "x_min": 0.28757440476190477,
                "x_max": 0.4025297619047619,
                "y_min": 0.6203947368421052,
                "y_max": 0.8322368421052632
            }
        ],
        [],
        [],
        [],
        [],
        [],
        [],
        [],
        [],
        [],
        [],
        [],
        [],
        [],
        [],
        [],
        [],
        [],
        [],
        [],
        [],
        [],
        []
    ]
}
